{"train/loss": 9.0761, "train/learning_rate": 2.3999999999999997e-05, "train/epoch": 0.01, "train/global_step": 40, "_timestamp": 1713166268.414061, "_runtime": 1772.4336910247803, "_step": 3}